{"Mean":{"confidence_interval":{"confidence_level":0.95,"lower_bound":-0.49497161473892237,"upper_bound":-0.4928617944767209},"point_estimate":-0.4938581363488681,"standard_error":0.0005369899764774519},"Median":{"confidence_interval":{"confidence_level":0.95,"lower_bound":-0.49456404842685897,"upper_bound":-0.49242879346593604},"point_estimate":-0.49344186181235006,"standard_error":0.0005374430588981773}}