{"Mean":{"confidence_interval":{"confidence_level":0.95,"lower_bound":41.89853221316656,"upper_bound":42.28285789549558},"point_estimate":42.08706461763391,"standard_error":0.09792231318791926},"Median":{"confidence_interval":{"confidence_level":0.95,"lower_bound":41.841812314669454,"upper_bound":42.17901542901543},"point_estimate":42.0385686308004,"standard_error":0.08430206473565631},"MedianAbsDev":{"confidence_interval":{"confidence_level":0.95,"lower_bound":0.8352650445225133,"upper_bound":1.6610121729402885},"point_estimate":1.2669561224791508,"standard_error":0.20347628021738387},"Slope":{"confidence_interval":{"confidence_level":0.95,"lower_bound":41.79639144972941,"upper_bound":42.21069192572141},"point_estimate":42.00310628540466,"standard_error":0.10571004090779947},"StdDev":{"confidence_interval":{"confidence_level":0.95,"lower_bound":0.8444992164091679,"upper_bound":1.1442131946006904},"point_estimate":0.9880730153071622,"standard_error":0.07750529144470963}}