{"Mean":{"confidence_interval":{"confidence_level":0.95,"lower_bound":-0.2873872653214515,"upper_bound":-0.2832793697890756},"point_estimate":-0.2853012913146151,"standard_error":0.0010494653389009306},"Median":{"confidence_interval":{"confidence_level":0.95,"lower_bound":-0.28943549927093126,"upper_bound":-0.28234176678146394},"point_estimate":-0.2858110073610761,"standard_error":0.001806924954377374}}