{"Mean":{"confidence_interval":{"confidence_level":0.95,"lower_bound":26.819072972246627,"upper_bound":26.848291143778276},"point_estimate":26.834065772247975,"standard_error":0.00751311985234836},"Median":{"confidence_interval":{"confidence_level":0.95,"lower_bound":26.826764211986514,"upper_bound":26.84478960832364},"point_estimate":26.836313139583826,"standard_error":0.004562979613383361}}