{"Mean":{"confidence_interval":{"confidence_level":0.95,"lower_bound":25.335653831397554,"upper_bound":25.36520108791302},"point_estimate":25.34900192556029,"standard_error":0.0077915321550066875},"Median":{"confidence_interval":{"confidence_level":0.95,"lower_bound":25.33006913143232,"upper_bound":25.341056774800375},"point_estimate":25.33598519014107,"standard_error":0.002683062031237654}}