{"Mean":{"confidence_interval":{"confidence_level":0.95,"lower_bound":985.2866702190678,"upper_bound":988.0650720652328},"point_estimate":986.6287592619838,"standard_error":0.7092143341001031},"Median":{"confidence_interval":{"confidence_level":0.95,"lower_bound":984.1841157004535,"upper_bound":986.8332778020538},"point_estimate":985.6517849664992,"standard_error":0.6886443250095308},"MedianAbsDev":{"confidence_interval":{"confidence_level":0.95,"lower_bound":4.256369857432587,"upper_bound":7.7123385855967275},"point_estimate":5.541196145775882,"standard_error":0.8658944156028353},"Slope":{"confidence_interval":{"confidence_level":0.95,"lower_bound":985.0836489694505,"upper_bound":988.0737726416617},"point_estimate":986.5519782420303,"standard_error":0.7607976940612986},"StdDev":{"confidence_interval":{"confidence_level":0.95,"lower_bound":5.524663852362127,"upper_bound":8.977373948494158},"point_estimate":7.153452264878941,"standard_error":0.9100907230440306}}