{"Mean":{"confidence_interval":{"confidence_level":0.95,"lower_bound":33.133459053896765,"upper_bound":33.177181784681444},"point_estimate":33.15406389737357,"standard_error":0.011189685731085388},"Median":{"confidence_interval":{"confidence_level":0.95,"lower_bound":33.13228346737601,"upper_bound":33.16724161752964},"point_estimate":33.15038475677062,"standard_error":0.008666498054203359}}