{"Mean":{"confidence_interval":{"confidence_level":0.95,"lower_bound":2392.96090449121,"upper_bound":2396.6118414906605},"point_estimate":2394.767126052065,"standard_error":0.9325767591258515},"Median":{"confidence_interval":{"confidence_level":0.95,"lower_bound":2390.928893940829,"upper_bound":2395.9734813444343},"point_estimate":2393.8893534002227,"standard_error":1.1473356441831428},"MedianAbsDev":{"confidence_interval":{"confidence_level":0.95,"lower_bound":6.456173774268994,"upper_bound":11.24207905984049},"point_estimate":9.333183966976828,"standard_error":1.2797048549647},"Slope":{"confidence_interval":{"confidence_level":0.95,"lower_bound":2390.992065237704,"upper_bound":2395.3880865253445},"point_estimate":2393.208688855907,"standard_error":1.122120641089236},"StdDev":{"confidence_interval":{"confidence_level":0.95,"lower_bound":7.8314408815936085,"upper_bound":10.937676406938131},"point_estimate":9.39576335717679,"standard_error":0.7974513476485096}}