{"Mean":{"confidence_interval":{"confidence_level":0.95,"lower_bound":32.51963218025657,"upper_bound":32.55875355504001},"point_estimate":32.53622793335386,"standard_error":0.00990449084246472},"Median":{"confidence_interval":{"confidence_level":0.95,"lower_bound":32.52566236842957,"upper_bound":32.53953258902475},"point_estimate":32.53299442564583,"standard_error":0.0035725140626090258}}