{"Mean":{"confidence_interval":{"confidence_level":0.95,"lower_bound":0.03383502799049025,"upper_bound":0.0469607855754608},"point_estimate":0.040587257603504234,"standard_error":0.0033423446297856214},"Median":{"confidence_interval":{"confidence_level":0.95,"lower_bound":0.033771464198964304,"upper_bound":0.0498310722490265},"point_estimate":0.04234827449016221,"standard_error":0.004269813200379287}}