{"Mean":{"confidence_interval":{"confidence_level":0.95,"lower_bound":32.397444399314395,"upper_bound":32.449883971606155},"point_estimate":32.42649255494303,"standard_error":0.013479866077523406},"Median":{"confidence_interval":{"confidence_level":0.95,"lower_bound":32.42385707008259,"upper_bound":32.457299937921555},"point_estimate":32.44008671085932,"standard_error":0.008761680848038056}}