{"Mean":{"confidence_interval":{"confidence_level":0.95,"lower_bound":390.62982882569133,"upper_bound":391.9730257478876},"point_estimate":391.27390533508907,"standard_error":0.3413473501532647},"Median":{"confidence_interval":{"confidence_level":0.95,"lower_bound":389.99760547824167,"upper_bound":391.52360006626907},"point_estimate":390.7090873493218,"standard_error":0.35873139630611744},"MedianAbsDev":{"confidence_interval":{"confidence_level":0.95,"lower_bound":2.028352924860678,"upper_bound":3.1265207559912738},"point_estimate":2.426839867451724,"standard_error":0.28317232127669506},"Slope":{"confidence_interval":{"confidence_level":0.95,"lower_bound":390.4797683516398,"upper_bound":391.43519175849724},"point_estimate":390.9611591923265,"standard_error":0.24426032428473549},"StdDev":{"confidence_interval":{"confidence_level":0.95,"lower_bound":2.521595922185216,"upper_bound":4.271481307137604},"point_estimate":3.440760919987932,"standard_error":0.44874226753134333}}