{"Mean":{"confidence_interval":{"confidence_level":0.95,"lower_bound":31.53303609140455,"upper_bound":32.02222191594622},"point_estimate":31.80607219060453,"standard_error":0.12576324372679967},"Median":{"confidence_interval":{"confidence_level":0.95,"lower_bound":31.9842294283577,"upper_bound":32.11382546634744},"point_estimate":32.034602296113235,"standard_error":0.028844322340911763}}