{"Mean":{"confidence_interval":{"confidence_level":0.95,"lower_bound":5668600.671398329,"upper_bound":5676425.323213364},"point_estimate":5672270.817053948,"standard_error":1998.672948563478},"Median":{"confidence_interval":{"confidence_level":0.95,"lower_bound":5661813.7,"upper_bound":5665387.962184874},"point_estimate":5663773.545092838,"standard_error":902.6729311751536},"MedianAbsDev":{"confidence_interval":{"confidence_level":0.95,"lower_bound":5627.576149545328,"upper_bound":11889.85207931314},"point_estimate":8855.200225002718,"standard_error":1641.217678634507},"Slope":{"confidence_interval":{"confidence_level":0.95,"lower_bound":5666197.819869613,"upper_bound":5673637.643464542},"point_estimate":5669780.680336929,"standard_error":1904.6119781913565},"StdDev":{"confidence_interval":{"confidence_level":0.95,"lower_bound":14110.246667619742,"upper_bound":25914.845902016852},"point_estimate":20101.287771435505,"standard_error":3045.4671610475566}}