{"Mean":{"confidence_interval":{"confidence_level":0.95,"lower_bound":6122109.670904993,"upper_bound":6127235.819765808},"point_estimate":6124588.3577906145,"standard_error":1312.7697517047545},"Median":{"confidence_interval":{"confidence_level":0.95,"lower_bound":6121320.55,"upper_bound":6124381.755102041},"point_estimate":6122670.643045485,"standard_error":791.5640370724418},"MedianAbsDev":{"confidence_interval":{"confidence_level":0.95,"lower_bound":4726.052481066048,"upper_bound":9136.961398898986},"point_estimate":6871.751521292854,"standard_error":1101.8248057448511},"Slope":{"confidence_interval":{"confidence_level":0.95,"lower_bound":6124947.14000161,"upper_bound":6132256.272711745},"point_estimate":6128459.008721738,"standard_error":1871.46446531463},"StdDev":{"confidence_interval":{"confidence_level":0.95,"lower_bound":10113.16430343239,"upper_bound":15869.976559665414},"point_estimate":13181.614766946686,"standard_error":1469.9915981739634}}