{"Mean":{"confidence_interval":{"confidence_level":0.95,"lower_bound":-0.4874447208605577,"upper_bound":-0.4868780034697204},"point_estimate":-0.4871668787475911,"standard_error":0.00014603024102317915},"Median":{"confidence_interval":{"confidence_level":0.95,"lower_bound":-0.48755260801551825,"upper_bound":-0.48695700036697054},"point_estimate":-0.48727893706689995,"standard_error":0.0001540095391264346}}