{"Mean":{"confidence_interval":{"confidence_level":0.95,"lower_bound":175281128.17311972,"upper_bound":175471473.0945234},"point_estimate":175362424.3586803,"standard_error":49227.40044038982},"Median":{"confidence_interval":{"confidence_level":0.95,"lower_bound":175244404.40833333,"upper_bound":175304565.653115},"point_estimate":175273148.58556548,"standard_error":15848.359462881808},"MedianAbsDev":{"confidence_interval":{"confidence_level":0.95,"lower_bound":121901.12473800418,"upper_bound":251509.74616816387},"point_estimate":179222.83080030922,"standard_error":34171.16564322928},"Slope":{"confidence_interval":{"confidence_level":0.95,"lower_bound":175278805.32377917,"upper_bound":175387680.02281997},"point_estimate":175331330.18670607,"standard_error":27637.67701961208},"StdDev":{"confidence_interval":{"confidence_level":0.95,"lower_bound":232949.90705438275,"upper_bound":770883.0453925137},"point_estimate":495581.7062178637,"standard_error":170872.01195732757}}