{"Mean":{"confidence_interval":{"confidence_level":0.95,"lower_bound":10118.15315340816,"upper_bound":10136.363905440077},"point_estimate":10126.641220782478,"standard_error":4.674068252177699},"Median":{"confidence_interval":{"confidence_level":0.95,"lower_bound":10109.59272404614,"upper_bound":10114.261425314806},"point_estimate":10112.138135098348,"standard_error":1.1995335203590802},"MedianAbsDev":{"confidence_interval":{"confidence_level":0.95,"lower_bound":8.149859375754648,"upper_bound":14.99746335010108},"point_estimate":11.993324082189195,"standard_error":1.7462438748793525},"Slope":{"confidence_interval":{"confidence_level":0.95,"lower_bound":10110.533803721415,"upper_bound":10115.417789682077},"point_estimate":10112.920146207736,"standard_error":1.243937032724},"StdDev":{"confidence_interval":{"confidence_level":0.95,"lower_bound":31.2861381802333,"upper_bound":59.81358318342065},"point_estimate":46.92533547689843,"standard_error":7.267270688625026}}