{"Mean":{"confidence_interval":{"confidence_level":0.95,"lower_bound":-0.16477559200023284,"upper_bound":-0.16086381661108629},"point_estimate":-0.1628455122141661,"standard_error":0.0009899443832506018},"Median":{"confidence_interval":{"confidence_level":0.95,"lower_bound":-0.1640880894820751,"upper_bound":-0.1613228788233867},"point_estimate":-0.16253828260875758,"standard_error":0.0006893799327692306}}