{"Mean":{"confidence_interval":{"confidence_level":0.95,"lower_bound":31.487606868058997,"upper_bound":31.65861886623707},"point_estimate":31.582231266592167,"standard_error":0.04384573632694735},"Median":{"confidence_interval":{"confidence_level":0.95,"lower_bound":31.444318276269136,"upper_bound":31.82018524998705},"point_estimate":31.715534569801335,"standard_error":0.12891058194939609}}