{"Mean":{"confidence_interval":{"confidence_level":0.95,"lower_bound":17099.03759479977,"upper_bound":17139.13871557519},"point_estimate":17118.619704983692,"standard_error":10.257698643854958},"Median":{"confidence_interval":{"confidence_level":0.95,"lower_bound":17060.21384099617,"upper_bound":17069.576802507836},"point_estimate":17064.29127646703,"standard_error":2.243174384113169},"MedianAbsDev":{"confidence_interval":{"confidence_level":0.95,"lower_bound":20.859724954657256,"upper_bound":40.36492485435421},"point_estimate":27.903607321046444,"standard_error":4.884654087109949},"Slope":{"confidence_interval":{"confidence_level":0.95,"lower_bound":17161.75071930443,"upper_bound":17218.680970823312},"point_estimate":17192.785484985452,"standard_error":14.546933351694301},"StdDev":{"confidence_interval":{"confidence_level":0.95,"lower_bound":90.19181129220618,"upper_bound":112.2289400699841},"point_estimate":103.32529310807438,"standard_error":5.6569808082739055}}