{"Mean":{"confidence_interval":{"confidence_level":0.95,"lower_bound":11302228.887422234,"upper_bound":11316101.390692579},"point_estimate":11308318.549061127,"standard_error":3561.5044196229396},"Median":{"confidence_interval":{"confidence_level":0.95,"lower_bound":11298830.828138528,"upper_bound":11304496.1},"point_estimate":11302201.807692308,"standard_error":1666.737161450851},"MedianAbsDev":{"confidence_interval":{"confidence_level":0.95,"lower_bound":7934.176733052668,"upper_bound":13527.206153842917},"point_estimate":10514.925185322374,"standard_error":1414.3444669327155},"Slope":{"confidence_interval":{"confidence_level":0.95,"lower_bound":11298098.916849665,"upper_bound":11310049.635963045},"point_estimate":11303460.162890498,"standard_error":3063.808933309726},"StdDev":{"confidence_interval":{"confidence_level":0.95,"lower_bound":15982.05154622209,"upper_bound":53093.07163135953},"point_estimate":35739.33615211195,"standard_error":9838.504132168906}}