{"Mean":{"confidence_interval":{"confidence_level":0.95,"lower_bound":-0.455010621505652,"upper_bound":-0.4526613146256236},"point_estimate":-0.4538599440853157,"standard_error":0.0005932099345804118},"Median":{"confidence_interval":{"confidence_level":0.95,"lower_bound":-0.45549377504017774,"upper_bound":-0.45282180280775264},"point_estimate":-0.4543829438630316,"standard_error":0.0006788614341179617}}