{"Mean":{"confidence_interval":{"confidence_level":0.95,"lower_bound":26.714522086042827,"upper_bound":26.752148526849176},"point_estimate":26.733860444042545,"standard_error":0.009573823786241123},"Median":{"confidence_interval":{"confidence_level":0.95,"lower_bound":26.72373848726406,"upper_bound":26.748712178860263},"point_estimate":26.733472721313152,"standard_error":0.006333712182307945}}