{"Mean":{"confidence_interval":{"confidence_level":0.95,"lower_bound":2068.3238364886843,"upper_bound":2071.9288708325425},"point_estimate":2070.1052092646087,"standard_error":0.9213648130599099},"Median":{"confidence_interval":{"confidence_level":0.95,"lower_bound":2068.084611808461,"upper_bound":2070.913287438615},"point_estimate":2069.2952690832526,"standard_error":0.6773811801451688},"MedianAbsDev":{"confidence_interval":{"confidence_level":0.95,"lower_bound":4.989790456088607,"upper_bound":8.587348223128622},"point_estimate":7.0658438698250805,"standard_error":0.9903634636947902},"Slope":{"confidence_interval":{"confidence_level":0.95,"lower_bound":2066.633774937648,"upper_bound":2070.586441121759},"point_estimate":2068.6353116805467,"standard_error":1.0080874174667724},"StdDev":{"confidence_interval":{"confidence_level":0.95,"lower_bound":7.4394175963391485,"upper_bound":10.846989306586908},"point_estimate":9.230133301116442,"standard_error":0.871296487681762}}