{"Mean":{"confidence_interval":{"confidence_level":0.95,"lower_bound":561.014880276044,"upper_bound":562.8039048600493},"point_estimate":561.8862847511352,"standard_error":0.45678097140710106},"Median":{"confidence_interval":{"confidence_level":0.95,"lower_bound":560.1449553354605,"upper_bound":562.1346483704974},"point_estimate":560.967618335543,"standard_error":0.48387467609445706},"MedianAbsDev":{"confidence_interval":{"confidence_level":0.95,"lower_bound":2.865539548309651,"upper_bound":4.9769654045129466},"point_estimate":4.005142040947443,"standard_error":0.5572922362663398},"Slope":{"confidence_interval":{"confidence_level":0.95,"lower_bound":559.3935817831771,"upper_bound":561.639500084119},"point_estimate":560.4393212647088,"standard_error":0.5734212918260658},"StdDev":{"confidence_interval":{"confidence_level":0.95,"lower_bound":3.7921911615465973,"upper_bound":5.325729244153435},"point_estimate":4.597500547858074,"standard_error":0.3914210137208887}}