{"Mean":{"confidence_interval":{"confidence_level":0.95,"lower_bound":-0.09094984508227011,"upper_bound":-0.08704947499992086},"point_estimate":-0.08891155916931903,"standard_error":0.0009919142572736859},"Median":{"confidence_interval":{"confidence_level":0.95,"lower_bound":-0.09051793773143169,"upper_bound":-0.08682382403359401},"point_estimate":-0.08898310141954102,"standard_error":0.0009221830111098825}}