{"Mean":{"confidence_interval":{"confidence_level":0.95,"lower_bound":8763.638756733046,"upper_bound":8772.040763480518},"point_estimate":8767.72090150939,"standard_error":2.1477410709020073},"Median":{"confidence_interval":{"confidence_level":0.95,"lower_bound":8762.289309991022,"upper_bound":8769.520530973452},"point_estimate":8765.882281435377,"standard_error":2.054826908536138},"MedianAbsDev":{"confidence_interval":{"confidence_level":0.95,"lower_bound":12.287720416870483,"upper_bound":22.0331858911051},"point_estimate":17.37206998361834,"standard_error":2.6007076889447323},"Slope":{"confidence_interval":{"confidence_level":0.95,"lower_bound":8765.323177836208,"upper_bound":8774.435331734914},"point_estimate":8769.733432548115,"standard_error":2.3206575087132575},"StdDev":{"confidence_interval":{"confidence_level":0.95,"lower_bound":16.32755386174829,"upper_bound":26.774084729138817},"point_estimate":21.60844762377775,"standard_error":2.6962746656129464}}