{"Mean":{"confidence_interval":{"confidence_level":0.95,"lower_bound":109521883.49225955,"upper_bound":109612157.05548374},"point_estimate":109564345.40911081,"standard_error":23043.189955559024},"Median":{"confidence_interval":{"confidence_level":0.95,"lower_bound":109481857.51724137,"upper_bound":109543263.15025252},"point_estimate":109515219.12998608,"standard_error":15172.396308911253},"MedianAbsDev":{"confidence_interval":{"confidence_level":0.95,"lower_bound":106239.25477044765,"upper_bound":189550.20298096613},"point_estimate":145459.23458431457,"standard_error":21458.141348714664},"Slope":{"confidence_interval":{"confidence_level":0.95,"lower_bound":109545800.45074734,"upper_bound":109599998.65776734},"point_estimate":109572963.19405054,"standard_error":13838.555664411288},"StdDev":{"confidence_interval":{"confidence_level":0.95,"lower_bound":158766.28413905692,"upper_bound":305538.8075501948},"point_estimate":232132.7817762686,"standard_error":38316.044216286835}}