{"Mean":{"confidence_interval":{"confidence_level":0.95,"lower_bound":3161546.8562696446,"upper_bound":3163211.785009078},"point_estimate":3162332.143120958,"standard_error":425.8997838236345},"Median":{"confidence_interval":{"confidence_level":0.95,"lower_bound":3160766.6258094357,"upper_bound":3161935.474025974},"point_estimate":3161408.301244149,"standard_error":248.048255755998},"MedianAbsDev":{"confidence_interval":{"confidence_level":0.95,"lower_bound":1564.793219613612,"upper_bound":2699.463052324983},"point_estimate":2137.898332014896,"standard_error":299.27594111322867},"Slope":{"confidence_interval":{"confidence_level":0.95,"lower_bound":3161407.406810355,"upper_bound":3162534.073242746},"point_estimate":3161944.064755431,"standard_error":286.029142653546},"StdDev":{"confidence_interval":{"confidence_level":0.95,"lower_bound":2974.995150560655,"upper_bound":5413.972793196794},"point_estimate":4281.47958825395,"standard_error":626.1943040798151}}