{"Mean":{"confidence_interval":{"confidence_level":0.95,"lower_bound":32.45025958418356,"upper_bound":32.49600755281768},"point_estimate":32.471111118353186,"standard_error":0.011724350626290769},"Median":{"confidence_interval":{"confidence_level":0.95,"lower_bound":32.45262663255835,"upper_bound":32.472747406592},"point_estimate":32.46262898556717,"standard_error":0.005499283337259825}}