{"Mean":{"confidence_interval":{"confidence_level":0.95,"lower_bound":28.82901333120113,"upper_bound":28.90827368755622},"point_estimate":28.87284454824616,"standard_error":0.020394776216716735},"Median":{"confidence_interval":{"confidence_level":0.95,"lower_bound":28.899243281755975,"upper_bound":28.915814503642277},"point_estimate":28.906642866018405,"standard_error":0.004386466003120135}}