{"Mean":{"confidence_interval":{"confidence_level":0.95,"lower_bound":233812746.19042662,"upper_bound":233985566.4341157},"point_estimate":233888725.0341308,"standard_error":44376.648958079924},"Median":{"confidence_interval":{"confidence_level":0.95,"lower_bound":233746221.140625,"upper_bound":233874926.52439025},"point_estimate":233806515.20892495,"standard_error":27491.97369578973},"MedianAbsDev":{"confidence_interval":{"confidence_level":0.95,"lower_bound":177960.049262718,"upper_bound":286040.3691028343},"point_estimate":217607.720503028,"standard_error":27452.8774853522},"Slope":{"confidence_interval":{"confidence_level":0.95,"lower_bound":233818971.51756886,"upper_bound":233931993.9532783},"point_estimate":233872918.77379638,"standard_error":28963.247175230626},"StdDev":{"confidence_interval":{"confidence_level":0.95,"lower_bound":239449.76965441759,"upper_bound":668678.8123373913},"point_estimate":445990.87340338295,"standard_error":132481.32834389675}}