{"Mean":{"confidence_interval":{"confidence_level":0.95,"lower_bound":0.42949648372347105,"upper_bound":0.43396810516768225},"point_estimate":0.43177527196202625,"standard_error":0.0011467714797133},"Median":{"confidence_interval":{"confidence_level":0.95,"lower_bound":0.42783158286945566,"upper_bound":0.42990234913570213},"point_estimate":0.4286618127147419,"standard_error":0.0005516714164347965}}