{"Mean":{"confidence_interval":{"confidence_level":0.95,"lower_bound":229412070.80445567,"upper_bound":229534781.56007138},"point_estimate":229473196.16084945,"standard_error":31338.288201419065},"Median":{"confidence_interval":{"confidence_level":0.95,"lower_bound":229380584.33333334,"upper_bound":229474028.35},"point_estimate":229432486.7125,"standard_error":24115.114216367518},"MedianAbsDev":{"confidence_interval":{"confidence_level":0.95,"lower_bound":185311.24256907217,"upper_bound":328128.56233475066},"point_estimate":240599.3027611731,"standard_error":36153.73947711001},"Slope":{"confidence_interval":{"confidence_level":0.95,"lower_bound":229374170.45801854,"upper_bound":229477824.95943093},"point_estimate":229423211.2934417,"standard_error":26481.771826593398},"StdDev":{"confidence_interval":{"confidence_level":0.95,"lower_bound":255692.06490046205,"upper_bound":371108.0073008136},"point_estimate":314423.3096131544,"standard_error":29534.4587817953}}