{"Mean":{"confidence_interval":{"confidence_level":0.95,"lower_bound":-0.4953265028067366,"upper_bound":-0.49334870659892704},"point_estimate":-0.49442260510274316,"standard_error":0.0005076737747718024},"Median":{"confidence_interval":{"confidence_level":0.95,"lower_bound":-0.49607602129109407,"upper_bound":-0.49382665455647146},"point_estimate":-0.4952171139441953,"standard_error":0.0005716414800796789}}