{"Mean":{"confidence_interval":{"confidence_level":0.95,"lower_bound":6.0641087703826075,"upper_bound":6.08544654097105},"point_estimate":6.074641453046581,"standard_error":0.005446274815199805},"Median":{"confidence_interval":{"confidence_level":0.95,"lower_bound":6.059462209669983,"upper_bound":6.079491735309723},"point_estimate":6.072398287519632,"standard_error":0.004889562552407363}}