{"Mean":{"confidence_interval":{"confidence_level":0.95,"lower_bound":20.86901937126509,"upper_bound":20.886721565383535},"point_estimate":20.878308680930967,"standard_error":0.004534906869392621},"Median":{"confidence_interval":{"confidence_level":0.95,"lower_bound":20.876947194120145,"upper_bound":20.88746065331279},"point_estimate":20.882580282858324,"standard_error":0.0026893558638186638}}