{"Mean":{"confidence_interval":{"confidence_level":0.95,"lower_bound":107.63212157075279,"upper_bound":108.60880043187493},"point_estimate":108.11987084901487,"standard_error":0.24882663712949657},"Median":{"confidence_interval":{"confidence_level":0.95,"lower_bound":107.79064661323966,"upper_bound":108.9865105939181},"point_estimate":108.53783221389435,"standard_error":0.3760409684305059},"MedianAbsDev":{"confidence_interval":{"confidence_level":0.95,"lower_bound":2.0512815118399015,"upper_bound":3.376680207566395},"point_estimate":2.7371937884517266,"standard_error":0.3507966516906364},"Slope":{"confidence_interval":{"confidence_level":0.95,"lower_bound":106.69340183297682,"upper_bound":107.8234194753413},"point_estimate":107.26068628303328,"standard_error":0.28911877317053397},"StdDev":{"confidence_interval":{"confidence_level":0.95,"lower_bound":2.217860284974868,"upper_bound":2.7467113209486995},"point_estimate":2.5007689414133982,"standard_error":0.13507646095112952}}