{"Mean":{"confidence_interval":{"confidence_level":0.95,"lower_bound":26.061218292299184,"upper_bound":26.13538623700283},"point_estimate":26.09915798675104,"standard_error":0.018874959676026794},"Median":{"confidence_interval":{"confidence_level":0.95,"lower_bound":26.102926181055416,"upper_bound":26.203042496734756},"point_estimate":26.19033122122333,"standard_error":0.026215425063634216}}