{"Mean":{"confidence_interval":{"confidence_level":0.95,"lower_bound":95629602.77018635,"upper_bound":95702955.89678499},"point_estimate":95665250.91248769,"standard_error":18725.221921858403},"Median":{"confidence_interval":{"confidence_level":0.95,"lower_bound":95582137.35714285,"upper_bound":95640054.11152881},"point_estimate":95607423.09047079,"standard_error":14678.347049304226},"MedianAbsDev":{"confidence_interval":{"confidence_level":0.95,"lower_bound":100153.58150510892,"upper_bound":184965.37465682896},"point_estimate":139507.9077121317,"standard_error":23576.60286410736},"Slope":{"confidence_interval":{"confidence_level":0.95,"lower_bound":95650128.56566335,"upper_bound":95752135.38317913},"point_estimate":95700721.3172159,"standard_error":26043.233475970694},"StdDev":{"confidence_interval":{"confidence_level":0.95,"lower_bound":157377.51550004174,"upper_bound":215121.40373689652},"point_estimate":188659.26839150488,"standard_error":14728.264540260054}}