{"Mean":{"confidence_interval":{"confidence_level":0.95,"lower_bound":29787602.545725662,"upper_bound":29822913.977911856},"point_estimate":29803056.50621761,"standard_error":9108.675176768682},"Median":{"confidence_interval":{"confidence_level":0.95,"lower_bound":29771840.1125,"upper_bound":29783787.999178983},"point_estimate":29778600.677857146,"standard_error":2807.3324873053175},"MedianAbsDev":{"confidence_interval":{"confidence_level":0.95,"lower_bound":20015.421651868215,"upper_bound":35597.7385757059},"point_estimate":27397.793404595574,"standard_error":4017.604927059922},"Slope":{"confidence_interval":{"confidence_level":0.95,"lower_bound":29790094.072253406,"upper_bound":29818538.66296522},"point_estimate":29803074.296030737,"standard_error":7259.341976131448},"StdDev":{"confidence_interval":{"confidence_level":0.95,"lower_bound":43198.05371346282,"upper_bound":138875.74881149424},"point_estimate":91640.53091036637,"standard_error":27574.543501312317}}