{"Mean":{"confidence_interval":{"confidence_level":0.95,"lower_bound":0.047897741975013466,"upper_bound":0.06001638084202082},"point_estimate":0.05390938225463793,"standard_error":0.003070951212638984},"Median":{"confidence_interval":{"confidence_level":0.95,"lower_bound":0.04815616875933637,"upper_bound":0.06664297651069417},"point_estimate":0.05887687008116571,"standard_error":0.004873596814090397}}