{"Mean":{"confidence_interval":{"confidence_level":0.95,"lower_bound":135951695.09743696,"upper_bound":136067712.42401668},"point_estimate":136008043.06231037,"standard_error":29636.161804489682},"Median":{"confidence_interval":{"confidence_level":0.95,"lower_bound":135844307.1509434,"upper_bound":135957419.20249188},"point_estimate":135888690.87736574,"standard_error":29177.208669658125},"MedianAbsDev":{"confidence_interval":{"confidence_level":0.95,"lower_bound":130524.42197067747,"upper_bound":268148.02329217124},"point_estimate":183805.18303986982,"standard_error":36015.43896209959},"Slope":{"confidence_interval":{"confidence_level":0.95,"lower_bound":135874593.41509897,"upper_bound":135969043.93243745},"point_estimate":135920689.76331314,"standard_error":24098.24959009512},"StdDev":{"confidence_interval":{"confidence_level":0.95,"lower_bound":247114.11856125132,"upper_bound":340548.14019690495},"point_estimate":297448.5751519047,"standard_error":23871.39475396542}}