{"Mean":{"confidence_interval":{"confidence_level":0.95,"lower_bound":-0.5065122510088196,"upper_bound":-0.5054870672282022},"point_estimate":-0.5059916824838864,"standard_error":0.0002618164462637258},"Median":{"confidence_interval":{"confidence_level":0.95,"lower_bound":-0.5064807526168037,"upper_bound":-0.5055429316497427},"point_estimate":-0.5060778759550306,"standard_error":0.000235979360940015}}