{"Mean":{"confidence_interval":{"confidence_level":0.95,"lower_bound":90147806.08232598,"upper_bound":90236847.92738166},"point_estimate":90190901.48406382,"standard_error":22743.61104619132},"Median":{"confidence_interval":{"confidence_level":0.95,"lower_bound":90081875.07692307,"upper_bound":90165412.22689076},"point_estimate":90121765.52810812,"standard_error":19378.55367134726},"MedianAbsDev":{"confidence_interval":{"confidence_level":0.95,"lower_bound":104755.06509687638,"upper_bound":192621.2078739533},"point_estimate":148177.9653927869,"standard_error":22469.64834815372},"Slope":{"confidence_interval":{"confidence_level":0.95,"lower_bound":90151532.73322858,"upper_bound":90241232.23455063},"point_estimate":90193645.6882991,"standard_error":22850.562812113047},"StdDev":{"confidence_interval":{"confidence_level":0.95,"lower_bound":187306.41733493735,"upper_bound":265257.57148363674},"point_estimate":228993.59760843238,"standard_error":19949.231115831717}}