{"Mean":{"confidence_interval":{"confidence_level":0.95,"lower_bound":1759.2015032283723,"upper_bound":1765.1299219922764},"point_estimate":1762.0177103053816,"standard_error":1.51329575785328},"Median":{"confidence_interval":{"confidence_level":0.95,"lower_bound":1757.9840142095916,"upper_bound":1762.797033663997},"point_estimate":1760.9406363815779,"standard_error":1.1906116001598852},"MedianAbsDev":{"confidence_interval":{"confidence_level":0.95,"lower_bound":8.28046247223734,"upper_bound":14.901998190143667},"point_estimate":11.592468052498356,"standard_error":1.7009968646975835},"Slope":{"confidence_interval":{"confidence_level":0.95,"lower_bound":1752.6381122828107,"upper_bound":1757.0857375313522},"point_estimate":1754.7659984707943,"standard_error":1.1306492118233356},"StdDev":{"confidence_interval":{"confidence_level":0.95,"lower_bound":10.881717762376097,"upper_bound":19.098953216510758},"point_estimate":15.24219840896564,"standard_error":2.1106462594524324}}