{"Mean":{"confidence_interval":{"confidence_level":0.95,"lower_bound":98425106.34854989,"upper_bound":98499371.42545795},"point_estimate":98460758.4815983,"standard_error":18928.34351573263},"Median":{"confidence_interval":{"confidence_level":0.95,"lower_bound":98398974.96969697,"upper_bound":98434947.96666667},"point_estimate":98413305.97817048,"standard_error":10423.649003176954},"MedianAbsDev":{"confidence_interval":{"confidence_level":0.95,"lower_bound":71629.87112953536,"upper_bound":126429.08634099296},"point_estimate":103057.72221105608,"standard_error":13398.713588676135},"Slope":{"confidence_interval":{"confidence_level":0.95,"lower_bound":98396231.60239927,"upper_bound":98477439.29887156},"point_estimate":98432219.92742427,"standard_error":20892.29930013938},"StdDev":{"confidence_interval":{"confidence_level":0.95,"lower_bound":147132.93492627653,"upper_bound":226012.8599991808},"point_estimate":190310.0324087002,"standard_error":20132.921114507604}}