{"Mean":{"confidence_interval":{"confidence_level":0.95,"lower_bound":32.08128508405953,"upper_bound":32.177902691017344},"point_estimate":32.13761661472737,"standard_error":0.025172540698675864},"Median":{"confidence_interval":{"confidence_level":0.95,"lower_bound":32.13421785823236,"upper_bound":32.19188112091499},"point_estimate":32.15216523101181,"standard_error":0.015385594439666141}}