{"Mean":{"confidence_interval":{"confidence_level":0.95,"lower_bound":867.5677996376868,"upper_bound":870.3498975500225},"point_estimate":868.944330936004,"standard_error":0.710703719396903},"Median":{"confidence_interval":{"confidence_level":0.95,"lower_bound":867.0558555207199,"upper_bound":870.1932028585584},"point_estimate":868.4260967330436,"standard_error":0.7885304525113636},"MedianAbsDev":{"confidence_interval":{"confidence_level":0.95,"lower_bound":5.132467765189939,"upper_bound":8.193053668801964},"point_estimate":6.892336160893841,"standard_error":0.7522742134722618},"Slope":{"confidence_interval":{"confidence_level":0.95,"lower_bound":865.1298681121707,"upper_bound":868.404703749812},"point_estimate":866.7863086364574,"standard_error":0.8333105506488498},"StdDev":{"confidence_interval":{"confidence_level":0.95,"lower_bound":6.070146545492588,"upper_bound":8.093513696326077},"point_estimate":7.141757801907906,"standard_error":0.5148211901341323}}