{"Mean":{"confidence_interval":{"confidence_level":0.95,"lower_bound":363.27286356501645,"upper_bound":364.86713435903744},"point_estimate":364.0513582948952,"standard_error":0.4062771226634383},"Median":{"confidence_interval":{"confidence_level":0.95,"lower_bound":362.29399705217975,"upper_bound":364.66734794995665},"point_estimate":363.4055644352293,"standard_error":0.668854627948739},"MedianAbsDev":{"confidence_interval":{"confidence_level":0.95,"lower_bound":2.8454195341717097,"upper_bound":4.690400120952207},"point_estimate":3.604563799543029,"standard_error":0.4908901377407663},"Slope":{"confidence_interval":{"confidence_level":0.95,"lower_bound":362.7029337042021,"upper_bound":364.3932755767721},"point_estimate":363.5159925144414,"standard_error":0.4335176415446824},"StdDev":{"confidence_interval":{"confidence_level":0.95,"lower_bound":3.320244105554103,"upper_bound":4.78981957296999},"point_estimate":4.078972348651616,"standard_error":0.3758717121247696}}