{"Mean":{"confidence_interval":{"confidence_level":0.95,"lower_bound":0.0428020010545168,"upper_bound":0.06572864517415541},"point_estimate":0.05740236403159993,"standard_error":0.006852128082118998},"Median":{"confidence_interval":{"confidence_level":0.95,"lower_bound":0.06027670682510422,"upper_bound":0.06713752222516778},"point_estimate":0.06284102377773282,"standard_error":0.0018753567341089194}}